{
  "training_time": 0.120552,
  "train_auc": 1.0,
  "n_samples": 1200,
  "n_features": 12,
  "timestamp": "2025-07-21T02:58:04.027341",
  "val_auc": 0.96640625,
  "total_training_time": 0.128566
}