{
  "training_time": 0.067405,
  "train_auc": 1.0,
  "n_samples": 600,
  "n_features": 10,
  "timestamp": "2025-07-21T02:53:54.486570",
  "val_auc": 0.9976997699769977,
  "total_training_time": 0.072457
}