epoch,learning_rate,epoch_time,memory_usage,train_loss,train_auc_roc,train_auc_pr,train_avg_batch_time,train_epoch_time,train_total_samples,val_loss,val_auc_roc,val_auc_pr,val_f1_score,val_precision,val_recall,val_accuracy,val_validation_time,val_total_samples
1,0.001,0.016046762466430664,0.0,0.5,0.85,0.75,0.0002277851104736328,0.011492252349853516,1600,0.4000000000000001,0.88,0.78,0.75,0.8,0.7,0.85,0.0045375823974609375,640
2,0.001,0.015948057174682617,0.0,0.5,0.85,0.75,0.00022655963897705078,0.011406660079956055,1600,0.4000000000000001,0.88,0.78,0.75,0.8,0.7,0.85,0.004526615142822266,640
3,0.001,0.015879392623901367,0.0,0.5,0.85,0.75,0.00022511959075927735,0.011332511901855469,1600,0.4000000000000001,0.88,0.78,0.75,0.8,0.7,0.85,0.004534006118774414,640
4,0.001,0.015901565551757812,0.0,0.5,0.85,0.75,0.00022512435913085938,0.01132965087890625,1600,0.4000000000000001,0.88,0.78,0.75,0.8,0.7,0.85,0.004560232162475586,640
5,0.001,0.016011714935302734,0.0,0.5,0.85,0.75,0.00022706031799316407,0.011433839797973633,1600,0.4000000000000001,0.88,0.78,0.75,0.8,0.7,0.85,0.004564762115478516,640
6,0.001,0.016010522842407227,0.0,0.5,0.85,0.75,0.0002257680892944336,0.011376142501831055,1600,0.4000000000000001,0.88,0.78,0.75,0.8,0.7,0.85,0.004620790481567383,640
