{
  "training_time": 0.067745,
  "train_auc": 1.0,
  "n_samples": 600,
  "n_features": 10,
  "timestamp": "2025-07-21T02:59:07.968035",
  "val_auc": 0.9976997699769977,
  "total_training_time": 0.072762
}