{
  "experiment_name": "steel_defect_example",
  "model_type": "xgboost",
  "timestamp": "20250721_025804",
  "results": {
    "data_info": {
      "total_samples": 2000,
      "n_features": 12,
      "train_samples": 1200,
      "val_samples": 400,
      "test_samples": 400
    },
    "training": {
      "training_time": 0.120552,
      "train_auc": 1.0,
      "n_samples": 1200,
      "n_features": 12,
      "timestamp": "2025-07-21T02:58:04.027341",
      "val_auc": 0.96640625,
      "total_training_time": 0.128566
    },
    "test_evaluation": {
      "accuracy": 0.935,
      "precision": 0.8857142857142857,
      "recall": 0.775,
      "f1_score": 0.8266666666666667,
      "roc_auc": 0.9783203125,
      "average_precision": 0.9104278535680643,
      "plots": {
        "roc_curve": "Figure(800x600)",
        "pr_curve": "Figure(800x600)"
      }
    }
  }
}